customer_id,age,tenure_months,monthly_charges,total_charges,num_support_calls,churn
103,69,15,55.16226872396344,2465.225148136282,5,1
103,46,64,30.142082844921653,2933.852650794406,7,0
103,32,28,68.58717591863257,6455.053940668089,9,1
103,60,39,45.677656772050796,2302.2029920749687,3,1
103,25,57,48.48729019619228,1764.569214550905,4,0
103,38,17,50.72899649262865,7663.83935040096,3,1
103,56,44,100.30258978326634,170.0199523964043,2,1
103,36,25,73.91612766752544,7982.784759887628,4,1
103,40,17,51.13076991560037,5446.8882609734255,8,1
103,28,13,81.03337833109184,6644.907465648025,7,1
103,28,25,91.61506742231936,2427.493231134926,7,0
103,41,68,47.262400073353376,213.0906935697738,7,0
103,53,10,61.354910152535155,5929.169196636088,7,0
103,57,67,32.18860933369476,6689.742316305339,6,1
103,41,18,38.11493495346803,5949.761442432801,7,0
103,20,34,88.11178539649828,1228.517269676625,7,1
103,39,8,38.143834769562694,6052.0805858300555,7,1
103,19,40,72.51633836670601,6174.489978650364,9,1
103,41,42,90.90462617224327,5302.470073793434,6,1
103,61,41,30.687692309474386,6152.315869085131,0,1
103,47,6,76.73122196289034,6782.779373454084,3,0
103,55,52,45.65627837013638,4947.472502475922,3,1
103,19,26,116.29268752375798,799.9772403604646,4,1
103,38,64,68.35456467199248,3952.2596963709657,9,1
103,50,59,100.59925497751581,713.42974390568,5,0
103,29,56,75.02265421562618,3319.5899451562036,3,0
103,39,59,24.341253285481915,3316.141264092458,1,0
103,61,70,83.31513755940223,621.4777687079085,5,1
103,42,33,115.14033422066571,2855.6822183588865,7,1
103,66,53,80.16118201463311,976.8849804513873,7,1
103,44,22,101.91888594267903,6485.058159072855,6,1
103,59,21,108.42064633484078,7586.735405119319,5,1
103,45,70,42.80797719489325,671.300154537715,1,0
103,33,70,41.204483990822666,7645.410137604441,6,0
103,32,4,81.09809888509918,4228.355134760287,4,0
103,64,62,61.10284698067047,2466.5688558356037,5,1
103,68,62,103.98613028667204,707.2103946816917,9,1
103,61,24,110.00231233980112,4054.9317177563007,7,1
103,69,55,55.34213793027181,6376.672801476914,7,0
103,20,9,43.687055897448204,5685.983170406916,2,0
103,54,3,98.05255152438619,496.7854905653927,6,0
103,68,31,47.48060355481361,675.9244994064377,0,0
103,24,40,102.26143185136785,3282.698932797833,0,0
103,38,36,62.37382536487628,2432.794902978752,6,1
103,26,24,86.75498992914704,1935.836152142778,9,1
103,56,6,29.55353138346682,2319.9355413788376,8,1
103,35,66,82.3859324676573,6447.513672045388,6,1
103,21,4,65.17676787372291,7440.901623691646,9,1
103,42,6,78.66084631754741,3300.3112867677746,4,0
103,31,51,36.801420774486346,7258.276916846727,7,0
103,67,62,93.68737449441821,2639.8160398582677,1,0
103,26,57,106.27970775432286,3863.8521921159536,8,0
103,43,66,41.67398000907757,1885.629082746398,5,0
103,19,8,29.57145555201617,5159.760733189168,8,1
103,37,26,22.36385860463364,7833.95080988099,1,1
103,45,51,84.1971500443266,4867.595458742691,2,0
103,64,45,80.70940360887808,2926.731264497036,7,0
103,24,44,74.669741271407,5217.757823325174,0,1
103,61,5,43.194709611597546,1071.0733598765619,9,0
103,25,70,59.09059959055147,7120.406734096649,6,1
103,64,26,79.4476335186173,4074.363211160707,6,1
103,52,68,69.67668588591694,3649.862962113172,0,0
103,31,19,118.77855202148874,4728.3318287828015,8,1
103,34,20,33.64397525567331,5035.792516036279,7,1
103,53,12,89.51445540475937,667.028869189453,3,1
103,67,47,60.431876810429216,5492.676047664879,9,0
103,57,1,62.819961492561475,2011.2602744926837,4,1
103,21,14,91.75977656581762,5740.225796802059,1,0
103,19,64,89.24361513243696,6598.024875635154,8,0
103,23,38,119.12559937021884,6451.27220966491,5,1
103,59,37,32.83942894541252,4464.757642522324,2,0
103,21,11,30.410964938416633,4209.342149254934,6,1
103,46,3,92.43388171287411,1228.7200945813527,8,0
103,35,33,77.83869170064091,6225.234588184771,2,0
103,43,6,47.416066655980586,2244.1341055290436,1,0
103,61,50,27.94193689889866,4023.8938402617778,6,1
103,51,10,28.565824959643052,2345.765334127382,6,1
103,27,5,109.41908746641182,1157.2440676975757,3,1
103,53,23,39.18673247187429,5073.505805444719,8,1
103,31,10,52.33715621155208,529.2230751009403,7,1
103,48,44,42.6656402226988,6014.29734959698,0,1
103,65,2,55.49963058319373,2608.9356825628215,0,0
103,32,13,26.94238427460934,101.06407473543403,4,1
103,25,40,71.90597909082703,4137.920199974115,5,1
103,31,2,26.76125635922149,470.1300773680647,2,0
103,40,65,100.03565078223616,2281.7395067851057,8,1
103,57,63,43.3712081910433,5685.1142509001575,9,0
103,38,17,74.00119146045105,595.2480108127404,5,0
103,33,9,108.00790875614582,6730.774089612419,3,0
103,62,15,85.08773690471942,130.17738900280656,6,1
103,35,24,73.29577865513353,2049.9085666950277,7,0
103,64,38,52.43337531153756,5953.142043601364,8,0
103,41,35,53.300191305819794,2598.5341828615237,5,0
103,43,49,86.94869551981901,904.9498657215069,5,1
103,42,69,119.41393612211675,2945.8479585233804,7,0
103,62,62,86.18391898493786,2236.106962437752,4,0
103,58,60,75.77834173700249,6757.424027068384,2,0
103,46,50,93.06505102392461,2575.448548922631,2,1
103,32,9,66.52056122837182,6332.566527030457,5,1
103,62,34,26.01423426007852,7145.789944004804,1,0
103,18,35,76.22968158779098,3527.157614654583,5,1
103,42,1,115.76252845053801,7288.550836449697,5,1
103,24,40,37.530294235765965,3080.8126263092236,7,1
103,26,64,89.00048908206658,7716.219490271855,6,0
103,41,22,40.093368865905646,805.3872437520262,7,1
103,18,60,73.58276844730813,5527.452205375617,8,1
103,61,64,29.66764496467196,4001.1309196097363,5,0
103,25,11,65.03709362581851,3162.4255630996117,2,0
103,41,14,95.61633288952461,5098.423842113947,9,1
103,28,60,54.757152423898205,5660.471023911216,2,0
103,68,30,86.4911724487218,134.46983023744178,0,0
103,34,35,99.54499607897291,1418.9294011028699,4,0
103,25,37,112.71778194794527,5733.063800011118,3,0
103,52,5,43.46420818554535,5364.444767267831,8,1
103,52,26,59.931591580930814,7731.77529051655,8,1
103,50,62,35.24160133304174,6112.198542981186,4,0
103,22,4,119.24835021583752,7611.104391077571,9,0
103,59,42,112.70009679242953,5650.069962124975,3,1
103,56,18,73.99571302805596,2454.612448251601,6,0
103,58,40,104.20332943764213,932.3828857817662,5,1
103,45,39,72.09579772720423,6276.408520424991,3,1
103,24,14,82.35856880027598,5188.778849659736,9,1
103,26,32,28.912443211601662,480.66949790704024,1,0
103,25,51,95.52704204968079,2944.398680617729,0,0
103,29,38,32.77134836352349,7658.718542325861,3,1
103,51,23,102.60676302525283,4053.16905111059,3,0
103,50,63,98.20280876703859,3518.560174555667,0,0
103,65,15,90.87446977429764,3715.8268807584222,5,1
103,40,25,23.616038052476213,1750.1735196407933,3,0
103,41,17,50.31283559453286,3012.786649831882,0,1
103,54,66,46.311256991084285,3021.5247222986955,0,0
103,52,53,56.01364074715191,513.604659481032,0,0
103,61,51,28.764274676383856,6163.784265291554,7,1
103,57,39,113.69578230310628,3390.385012040644,9,1
103,39,51,75.38022407123762,6595.221105849744,7,1
103,44,70,50.55243106580235,6817.749208847174,1,1
103,52,6,59.698151707428345,1774.7530321193988,6,0
103,18,67,64.72025405048356,5293.092509144016,7,1
103,52,7,80.05943333606173,3831.0262528875555,7,1
103,54,51,71.56794276964978,7053.238229579732,9,1
103,64,42,111.93919732144174,1804.3513654939875,6,0
103,31,64,69.69634829058302,5454.72428244935,4,1
103,20,15,119.21580148233127,4901.241765796508,0,0
103,18,29,105.14249577450957,2432.881672817479,8,1
103,22,33,40.85105143573358,1179.1471388442637,6,1
103,43,27,113.05952146439162,5247.954107770485,1,0
103,31,36,31.63663978854761,5934.9199192454125,5,1
103,56,29,101.74497084911916,2593.456015730465,1,1
103,44,38,58.06232934765801,5194.177571776279,0,0
103,26,57,107.79743204450695,3221.5341701308757,6,0
103,32,27,106.80566901074504,5734.33437793268,1,1
103,32,55,100.59254001176211,1673.8006716630196,1,0
103,43,33,99.00304363070614,7132.698520825777,4,1
103,59,68,50.46791390980408,2370.5358120780797,4,0
103,30,66,28.09192830512522,3005.509303273608,6,0
103,68,10,60.29801787651615,558.9264214347634,0,0
103,49,5,37.352451498650865,980.9464773380835,7,1
103,56,38,89.49510889024617,4175.309031427392,2,1
103,66,13,54.609972653778556,2213.9821461509746,3,1
103,69,31,117.56102008599149,6700.293783363336,8,1
103,49,47,84.0972077345332,216.07777037413535,3,1
103,21,52,102.24805636343609,3094.842984508296,9,1
103,47,56,33.252467274184845,2765.029819475832,4,1
103,54,15,106.20144822726226,252.68828424904817,6,1
103,40,29,112.27571905133944,1082.5103521040307,3,0
103,56,8,68.70619188189359,3367.7771318572186,0,1
103,62,5,80.62529377509775,3993.6302171348284,8,1
103,32,29,96.48098009029954,3293.8890033134658,3,1
103,60,47,37.48386272604125,4294.407659455541,8,0
103,46,68,70.25660764634424,4801.540231754884,5,1
103,53,45,59.86630277723131,178.39818690990148,0,0
103,30,2,34.63739921622491,3766.3517596826805,2,1
103,49,27,56.753442229153144,7711.6440030119475,1,0
103,24,36,26.817230938549358,4200.355013023435,8,1
103,68,36,22.5811906949487,5452.58391292573,0,0
103,39,26,33.51662891548227,2563.7244775433774,8,0
103,45,43,116.31151115891738,6214.531887406824,8,1
103,19,27,74.9529535895017,6206.07970682131,7,1
103,59,69,116.582216115322,4218.238776467698,7,1
103,62,20,63.2497878330132,7810.509203905787,0,1
103,23,11,51.181613308525954,1091.8466966249616,7,1
103,45,38,70.61418628402441,233.88655262768984,9,1
103,45,6,63.95116886329101,6184.249872881058,2,0
103,61,23,30.566468426174392,6476.5287451825725,6,1
103,61,47,84.08263146902063,1049.6371100525523,0,0
103,37,46,41.60381825095996,2198.104380372988,0,0
103,47,12,81.95879548978296,238.66367059636838,9,1
103,28,13,85.02010923981534,2417.138025166461,4,1
103,45,62,35.20248531286481,6207.820803957505,4,0
103,42,60,26.134962711066816,4191.888168929374,7,1
103,56,43,98.07615860684398,2849.955186029476,6,0
103,50,68,65.98004237693202,3036.740429760009,7,0
103,18,5,25.81637955054758,110.69364315219842,5,0
103,44,37,119.48663171697672,2468.4241677653636,5,1
103,69,31,25.778056099636665,5207.024058939651,1,1
103,30,9,89.50352288585532,7796.136106149222,5,1
103,58,51,118.36789252634136,6791.780533172806,4,0
103,20,29,43.91801042159256,286.40022069968006,2,0
103,56,40,34.22493686871962,7198.628776931231,5,0
103,23,41,32.13849394224289,6287.267465059145,7,1
103,25,11,50.327514756759555,6264.971376210745,8,1
103,44,23,30.104581101064667,3718.1664961282145,0,1
103,26,1,89.2161341694132,3244.241814340572,2,1
103,54,46,26.22917981300627,2493.0342577822216,2,0
103,50,21,70.94221281497897,618.9893857394896,7,0
103,68,36,119.66968538529768,1903.059371600223,0,0
103,59,54,101.39702695060188,2048.1687163263946,4,0
103,61,57,81.52194382310108,3924.2088507105927,2,0
103,41,1,50.62536207866117,6004.810812113882,1,0
103,32,63,82.38958362916384,3843.097644343778,7,1
103,49,54,72.70414639116515,556.9711506325688,2,0
103,49,55,62.60833838903715,7666.539427806811,6,1
103,41,40,33.07103767401995,7547.522120843487,0,1
103,58,15,108.66042152404667,6302.997390872426,5,1
103,69,21,64.97846488213224,7931.490422357342,2,1
103,66,47,39.46225118207651,4401.410429122077,7,1
103,66,53,56.77593508772896,7705.869967000328,5,1
103,69,9,61.4129752528927,697.2798208723311,1,1
103,29,52,102.75378955668742,2988.8779112648335,5,0
103,56,57,93.3614380561402,1880.51201725345,6,1
103,19,26,96.93048936413398,1647.0813646607332,4,1
103,20,41,21.10312644286472,1212.343296252141,2,0
103,66,35,61.615399817976154,5017.067768371374,3,1
103,54,63,68.13441516353237,6272.44266040371,3,0
103,66,25,21.919227682305667,4668.5573554208495,5,1
103,34,38,45.981320874503425,1261.0054057468565,9,1
103,66,2,96.0289823122135,6507.87778247442,0,0
103,19,7,33.7109705728999,5124.042186593455,3,0
103,19,34,73.53101314525917,3166.5090784032645,9,1
103,45,17,41.52018720172375,5425.629334734897,3,0
103,40,43,21.212077464389328,2153.2493360183794,9,1
103,54,59,44.12014575995415,2827.018447104263,0,0
103,49,51,117.58737549100537,7348.138160742723,8,1
103,50,54,100.15371118829896,2394.985594804221,3,0
103,18,24,115.95766443210334,3812.9073184476993,6,1
103,36,25,68.78540439263625,7132.114985428516,2,1
103,19,71,30.97361986775035,5690.998667113467,9,1
103,61,52,74.7959488973693,591.4054867011517,2,1
103,43,70,65.4377334559961,1263.6940498038657,7,1
103,49,33,104.4357082739616,161.94856709814286,7,0
103,23,49,29.80825807842446,5084.282142810391,0,0
103,49,29,68.82411370217781,3636.6200607423048,9,1
103,21,63,35.00486646939842,1160.7713221279766,1,0
103,28,22,52.467592689006,7667.679556348487,7,1
103,34,26,93.73570773877996,4284.311819170397,0,1
103,55,28,67.60181293687666,2010.9570234918244,7,1
103,41,49,57.58882851457693,4054.7682121221897,7,1
103,22,71,59.44762785700353,5469.000628607351,1,0
103,69,49,65.94467684059866,702.2898219911593,3,0
103,51,20,98.50165438370568,2270.1601388783465,5,1
103,23,63,109.20846889402344,6475.02737798355,8,1
103,39,61,115.53346865039283,3731.3524761810236,7,0
103,28,49,98.6903386255295,4417.95942205513,7,0
103,65,71,51.54068957480128,3519.246417454807,6,0
103,33,1,88.81347060865421,446.8095468797404,8,1
103,50,13,63.760312405539196,1409.4232605792317,1,1
103,26,51,45.467062204605114,3619.7789460609383,2,0
103,23,56,104.08715794259226,1752.5651767226298,9,1
103,33,62,23.8426348962325,494.83432641146203,7,0
103,46,32,110.17619921354235,6764.832346009407,5,1
103,20,30,66.1477464624734,7851.420980396515,9,1
103,37,29,83.72014768082803,6365.828704574242,8,0
103,53,49,85.93539222057827,6844.90088146687,9,0
103,36,45,109.51177407065364,2011.6193295046585,3,1
103,43,30,83.66696821672073,7688.953106554278,7,0
103,20,16,81.39335847600617,1655.7130651820842,9,1
103,36,40,26.665204056068994,7616.295501858475,2,0
103,37,19,71.8408021945204,7959.0724223310135,2,0
103,49,18,35.016900081704165,5722.610165393785,7,1
103,24,1,93.74337687214856,7851.035481155393,4,0
103,69,47,71.22219208126745,4599.364258580119,2,0
103,58,66,88.02277792083532,2150.3800870911136,9,0
103,50,38,24.16729006023843,3552.267496758405,0,0
103,57,51,28.47920160458032,4789.131389492409,2,0
103,56,63,91.63233880626822,677.3443400134184,8,1
103,35,4,27.208433599867337,5016.511790476244,4,0
103,57,1,27.12567277652586,7851.304910422126,9,1
103,18,8,21.210847523488745,1601.8504332914483,1,1
103,28,29,115.65013982994802,6361.501418678228,6,1
103,45,55,93.75083594590069,7272.400470858993,1,1
103,42,3,55.32514085020642,7555.242583279744,3,1
103,67,32,49.653558128765525,7685.071274803033,6,1
103,40,10,54.97032297458495,4219.531145899628,3,1
103,48,34,97.46535311811819,7820.732473132879,6,1
103,47,55,86.13706110704143,6082.750636362067,6,1
103,59,32,38.51955678674679,1377.204346271999,0,0
103,52,50,37.41093353340844,3867.510841096963,5,1
103,24,7,29.839564971339733,5774.816285438831,8,0
103,33,8,86.03027197013381,2053.9884949707584,1,1
103,43,65,96.43726622217359,5160.85995003621,2,0
103,65,57,46.5046428325004,5366.143784468292,9,0
103,69,67,22.09449610309128,1385.3279760876705,4,0
103,66,59,28.217166747642736,4564.173968376775,8,0
103,19,54,116.78600348450304,6195.852596731001,3,0
103,18,67,49.54447774774202,4041.275749833941,0,0
103,65,51,96.92231478381336,195.61462253124864,3,0
103,29,8,82.46635688542638,171.4039057264082,5,1
103,22,34,58.19396396528959,2920.5318173630963,4,0
103,54,35,40.568726219555515,7416.933140611078,0,0
103,49,32,32.138641815940645,1906.5465588685092,3,0
103,26,46,81.50129680388666,5111.473142086328,5,1
103,58,16,97.4633780637788,1854.3993784772326,9,0
103,52,68,84.39042535411306,2641.1929183104344,9,0
103,36,37,73.03021332491583,6799.5325078517235,3,1
103,65,54,24.195122343163625,5858.00539393258,8,1
103,33,14,116.84887775943838,853.654290774364,4,1
103,20,55,99.87141916545745,3486.7459657928257,7,0
103,37,48,49.28220367009648,330.44113279758926,8,0
103,41,7,117.99703293588506,3899.032158163771,9,1
103,50,7,80.18815896363222,5333.228692438438,4,1
103,41,33,78.24226582072464,1036.1707264253973,5,0
103,69,23,94.8073179429532,2382.191017382409,0,1
103,28,19,101.17697880901376,3242.9093414670397,6,1
103,66,19,85.64786073315027,7364.295094782793,3,0
103,25,36,32.80957463662,7946.7146218414155,1,0
103,53,29,53.82675059944984,454.79926206536527,4,0
103,55,60,112.80836403260497,6111.962595613597,2,0
103,57,2,42.46156118438519,3036.6201245785114,5,1
103,37,1,57.21670238375133,3200.4196712128924,7,1
103,52,47,63.2076882944196,6058.6932894414795,6,0
103,65,69,63.940498969445215,7355.568813948728,2,0
103,42,20,81.29395824945254,7612.335896570133,7,1
103,52,11,114.30758377447076,4659.2684297027345,1,1
103,42,2,44.06927118325049,2921.257158473972,9,1
103,46,67,32.150137630091805,6321.6377782843565,8,0
103,35,12,39.74704898599373,2082.910927772172,3,1
103,63,20,108.69249002092695,4556.18482778479,0,1
103,35,5,84.5810812655206,2932.769846046498,7,1
103,19,37,48.590678923916016,5287.385482292221,6,1
103,52,38,101.59469389686173,1999.1514118587045,4,0
103,33,9,106.1369996363436,1613.5842713051236,9,1
103,58,53,104.6514338690278,7354.088784735953,4,0
103,53,44,111.89265336395545,904.2490953013415,6,1
103,50,24,45.22410201733616,4097.06747110596,4,0
103,21,30,95.50419287462783,1844.7369854077704,7,1
103,50,59,66.053949727414,407.5467102727728,5,0
103,31,14,104.19985528900615,384.5486645022685,4,1
103,38,9,92.84906771616131,1484.251999636036,8,0
103,65,40,97.64474464997247,6947.485800597402,1,0
103,37,66,85.61618376810715,2331.5820774185104,0,1
103,25,25,37.74287694697068,7608.627447544836,7,1
103,24,22,74.50269188969384,4694.816114614629,2,1
103,20,4,118.46697395245081,3549.252099173252,6,1
103,34,26,113.73880664971189,4682.701793888691,9,1
103,50,58,24.31737357970117,4181.917243287515,7,1
103,65,29,36.481481572943714,6094.332404682868,5,1
103,29,37,33.17287734545619,2331.718921185533,9,1
103,68,70,92.59799099852955,2889.098093642389,8,1
103,39,18,101.77853298569451,7163.344990012681,6,1
103,39,42,41.35113663106719,7577.006453888203,9,1
103,63,41,70.5852692951829,7151.209997143149,4,1
103,47,38,104.07030280112,3413.6391522627773,7,1
103,55,34,93.28015447662506,6264.887473754366,1,0
103,55,17,74.22372054918483,3863.0522930786806,6,0
103,62,37,79.03476904587728,4030.5648319542074,3,0
103,68,25,70.836054691628,1716.9728615525432,8,1
103,25,27,49.75484513188206,4769.92939574228,0,0
103,44,57,76.50219928590161,1570.4735922514487,6,0
103,44,31,88.88853020500906,2719.361122630831,5,0
103,51,6,107.33229158608077,6854.738592797487,7,0
103,38,40,83.62913539792481,1735.8988927657563,4,0
103,47,12,96.1121537043158,662.1504528701192,0,1
103,50,53,36.0071634954573,645.1599816412488,0,0
103,45,71,66.15574744197899,7532.1977119745525,8,1
103,64,10,20.93316198270933,4104.671459898494,9,0
103,50,45,44.66788645216231,3334.3553673544448,5,0
103,22,17,92.64617151130048,6505.940789962556,9,1
103,65,26,119.18099513493634,6703.0248304930765,4,1
103,36,62,29.91780995872159,2724.3091616132765,0,0
103,21,46,60.14943158612883,5579.5826540429825,5,1
103,52,64,100.00709686991596,6191.870245229904,5,1
103,66,2,40.403563462889885,5271.740426241041,2,1
103,34,54,75.50849493022862,1297.601090920785,7,0
103,61,65,93.30712960296748,7019.4763597847505,0,0
103,45,51,81.5985450260179,4358.846966614468,0,0
103,47,53,38.80247346154161,2331.532168323029,5,1
103,46,36,55.538456868573945,3459.302664957782,9,1
103,63,26,98.37917844853972,396.8116141513683,0,0
103,23,29,75.42265141320166,1110.1477296570988,5,1
103,52,21,20.522961354291272,6147.819329075301,0,0
103,58,11,96.09907600280938,100.09191456739252,5,0
103,54,40,23.531135494023907,3390.8700450101082,2,0
103,41,11,94.57337827312321,4227.8304305761485,7,0
103,46,36,40.24805601652374,531.6119180076812,5,0
103,66,59,115.80734801193802,7787.317487481429,0,1
103,63,39,56.79407513020845,1886.3901168724083,4,0
103,48,54,52.69316163380791,2503.1698851266187,7,1
103,52,55,34.888805033244466,2501.1458468147157,2,0
103,50,24,50.560421549021484,1920.2916307270643,5,1
103,69,22,107.66507618282006,111.64319448186019,4,0
103,38,69,119.63343376272474,5861.823873295171,5,0
103,49,56,56.83095305068483,7738.079448414354,9,1
103,40,33,64.86106309545426,1871.918517951856,0,0
103,50,36,92.2070938202737,5338.072815247037,6,0
103,20,20,108.61957804650746,5960.98098297385,8,1
103,35,62,79.30443341867841,6802.560494815146,1,1
103,42,26,59.15256981778293,3438.770656407512,9,0
103,59,66,61.262184084862376,2493.154154559391,4,1
103,48,40,89.56181464968068,2669.8315587819457,9,1
103,20,17,20.321826360427867,5729.708531478252,3,1
103,57,1,81.95893374598407,6552.557785394525,5,1
103,63,61,55.54930104413574,1534.750345277161,5,0
103,41,43,99.41973312770843,3030.4339644463453,1,0
103,67,42,29.299063982313214,7225.327554318285,1,0
103,49,25,78.82022669483905,6472.87880558844,3,0
103,64,39,68.09728898861238,7880.381381823559,0,0
103,39,35,84.23255259052274,6058.561251488438,8,1
103,40,3,26.485359448296833,3206.242088120586,6,1
103,19,44,77.99837874281313,4766.0388885576385,6,1
103,44,51,76.14845879595237,5322.01260855383,2,1
103,59,12,76.0660094416171,719.8009489052793,2,0
103,19,19,80.34876665964548,4401.525976920534,0,1
103,43,44,87.64679372263622,5703.634544933616,2,0
103,34,59,100.49889996807697,1421.838301608377,2,1
103,57,49,46.98207201282143,6266.990567661902,3,0
103,50,61,102.5049410180062,4711.8049660614815,3,0
103,26,17,69.82556822634535,7622.552107010998,2,1
103,60,57,27.70582791343312,435.13615583444437,9,0
103,65,55,25.85509292439792,2196.076486688189,7,1
103,56,47,53.42383186960608,4852.27564646861,7,0
103,46,12,98.48969771114676,2442.8233064268525,0,0
103,59,62,90.76809347409157,5743.9508961628135,6,1
103,43,8,98.86149646724064,6096.141731923255,1,0
103,52,21,71.72690564416094,909.8761161251482,0,1
103,67,70,64.01989979554907,4159.450267233466,2,1
103,42,25,34.745252670628396,4120.235389169342,3,0
103,41,12,52.81927536093116,3017.3180847027743,5,1
103,30,15,63.40193661738753,7470.10641430041,9,0
103,24,59,28.860042967961725,6637.2999269984475,4,0
103,53,26,42.06119527112112,5607.95411708613,3,1
103,62,26,79.82252940637389,5743.180422306481,7,1
103,37,47,93.56631142391899,3747.557536123641,3,1
103,18,32,119.83475113929497,7375.856716662949,9,1
103,25,10,113.31133313435576,5587.303875300954,1,1
103,63,16,84.25651995351916,5858.95038708095,2,1
103,33,71,62.1248053294072,6907.3581399200275,5,0
103,31,17,83.61773647082327,2265.165555803309,7,1
103,29,23,98.56516180802319,6475.8601405469535,7,0
103,68,26,31.833619092338733,1642.4007633562871,8,0
103,40,7,60.99048896962883,2828.201422734614,6,0
103,32,14,103.98022856356172,2751.3225887317576,1,1
103,45,7,58.3832951933044,7830.351200274211,7,0
103,51,9,77.18722712271865,6866.644067608622,6,1
103,19,48,78.77693608621982,5639.241906563052,7,0
103,49,59,38.447625313363936,5843.748416761582,2,0
103,40,39,56.22354416522884,4540.375075780312,6,1
103,39,18,53.451128874193216,7582.016270157301,9,1
103,68,59,22.61967085320648,4020.4441477706564,8,0
103,42,17,22.419176389135526,3106.0899079721667,2,0
103,39,14,103.16970436757735,1387.979161759569,9,1
103,39,31,47.30708099728124,6311.024652862358,5,1
103,66,24,71.80787662388154,5902.107063397172,1,1
103,69,60,49.8725573588773,3136.4048043406656,1,1
103,59,45,114.06792451153404,299.02797027791195,4,0
103,23,3,45.92967588657737,6728.078888972284,4,1
103,32,37,62.96568127389351,190.2020692871817,6,0
103,60,43,107.27302504846018,5659.228259069502,1,1
103,54,40,104.19335667918087,7765.031166835851,6,1
103,50,55,38.61014178462773,3557.5244923708074,4,0
103,25,39,100.26433097957104,1956.2898994680268,5,0
103,61,15,65.81868867378927,5668.480979342716,7,1
103,61,4,68.29688720853552,6555.312321923123,9,1
103,22,25,33.34799724159438,4416.799497014994,3,0
103,56,13,28.060151375712465,7739.578674523555,6,1
103,21,33,92.79393069737652,508.18290109789274,5,1
103,23,16,69.64611523552998,4087.8852266057725,9,0
103,62,42,63.68507026151796,5775.786183848146,1,0
103,49,66,92.95082286523967,6914.859722078514,7,1
103,69,55,96.55128989911097,1516.1193340715413,9,0
103,47,42,35.89081676693536,6420.027505933083,8,0
103,64,34,81.02251494776414,4466.385898176508,4,0
103,52,30,33.535408227768556,3232.7740877207093,9,1
103,57,13,95.13750860290457,1140.548725774839,3,0
103,69,13,85.69551562671396,6935.836495380408,5,0
103,33,18,115.6614621083458,1342.4583446197512,7,1
103,30,32,26.89580163564212,2547.324087751884,2,0
103,67,39,25.70547211512543,2391.3597025032514,9,0
103,59,46,48.218707469320016,6984.170870107749,0,0
103,47,29,46.1705683735906,5414.353654250294,3,1
103,36,62,44.69787990719998,6393.7830378118415,3,0
103,34,62,110.62545805210367,2078.6964004607416,0,0
103,36,57,44.95461998495061,5036.505386895292,8,0
103,45,16,47.1949726128631,4616.793266835614,2,1
103,43,56,95.93982624179637,6679.359976627342,4,0
103,54,10,64.973984245054,7258.0877778019585,5,1
103,43,30,97.67105569551812,196.03849467135578,7,1
103,40,25,26.536615756438522,5424.757360564462,5,0
103,26,5,68.75711936733843,509.5028130458593,2,1
103,29,65,23.361360018328263,4435.983454111112,5,1
103,18,49,26.26532034553545,2372.298559445058,0,0
103,18,3,110.64374533444109,2523.5351362249153,3,1
103,64,45,33.92453711175952,2888.372177273617,5,1
103,51,14,73.24206822752171,5008.2103474919195,6,0
103,49,30,61.10956026007065,2738.994728783277,9,0
103,65,68,54.73433262588427,5888.322499663215,2,0
103,42,18,109.98333456872724,3295.7663460335707,8,0
103,57,62,22.18233967754895,639.990282448673,6,1
103,62,37,86.37896861755891,6291.7027556244475,0,0
103,18,25,116.33944342135504,2357.4907642823773,1,1
103,33,48,76.0168183461842,3518.8583488341746,0,0
103,56,65,113.68224620330918,5515.006677453022,8,1
103,22,53,25.225787928602376,2726.403641474825,8,0
103,39,15,61.87933190741614,547.0266835590535,6,1
103,46,49,46.015779096205115,3053.976271401227,9,1
103,20,68,93.08209649807299,7561.143803284997,2,0
103,29,12,118.12970904972467,5169.701738658609,4,1
103,43,59,45.65300624442478,5404.685274470935,3,0
103,33,37,85.41746014740745,5095.029013737355,6,1
103,68,61,39.809763275974014,1672.0378977795506,8,0
103,54,43,76.53302545716099,3404.837526408013,1,0
103,39,70,66.39324866883362,6032.424407070214,7,0
103,46,39,117.2005329631537,900.8458906699573,8,1
103,31,56,80.85272726964666,2295.036931108727,9,0
103,45,63,54.950637208681876,2282.9209568802435,9,0
103,22,46,31.409578488793336,3512.949527996597,8,0
103,64,11,35.124682873493455,7844.9130534432625,9,1
103,66,62,42.53169299512351,633.2701188021933,6,0
103,47,25,45.0966661340298,4197.737855606701,8,1
103,63,71,105.06160578411378,1516.9809878964625,8,0
103,69,52,76.12227882825249,7768.344708736979,2,0
103,22,4,72.33909113743664,995.0976873469672,3,1
103,29,59,31.476887186921747,3288.447918656571,1,0
103,33,20,106.0139693349435,5929.291380193389,9,1
103,43,63,92.28143032084837,5665.979981416817,2,0
103,43,54,26.76683619000016,3439.5562314620647,4,0
103,65,57,90.78350972297687,2837.540926826474,4,0
103,38,41,74.35382173426461,3241.1377905676777,5,0
103,56,3,28.172534574677826,2187.78247895325,6,1
103,53,6,65.83006415286565,1722.1302157837185,6,1
103,50,5,68.4696287130047,3916.0136107152307,0,0
103,47,5,36.57745401632758,2221.4166729340977,1,0
103,54,54,114.56981470002823,2370.9471526882758,8,1
103,40,47,104.99753714806619,5288.372901449001,9,1
103,27,49,86.90223373291083,7751.444920429149,1,0
103,22,9,66.22955610006072,4868.7338844190635,5,1
103,53,20,61.17655415845085,708.1377898132336,0,0
103,51,61,85.09734671509541,697.1105494471291,2,0
103,69,35,74.54318694069055,7616.243444679971,1,1
103,48,50,26.227310588188562,2448.5972434279356,2,0
103,27,62,71.25026487703317,827.3291900515559,4,1
103,36,17,100.64036172328395,4832.452238488015,9,1
103,49,3,65.9239877596958,5026.825348493102,5,0
103,18,32,25.195657755426843,5223.188078937636,8,0
103,22,13,98.6278199384033,2212.4760200745764,9,1
103,62,68,40.13637821359744,219.37440529435275,3,1
103,21,14,45.862083488803876,7723.621418690328,6,1
103,33,11,36.47063534322959,2082.0550609597094,5,0
103,41,56,53.02150648714976,5440.607675615125,1,1
103,33,67,95.6751505688635,5682.375972041806,9,1
103,19,29,71.93858595039373,4919.058594927937,7,1
103,66,9,40.488127415071254,2571.968414287821,6,0
103,45,67,107.78300781520409,2241.6604047361197,6,1
103,49,25,107.95818549515292,4821.579433351355,7,1
103,44,42,107.05784250460069,6942.155505532363,0,0
103,37,9,43.87962113815393,7579.1964584948255,0,1
103,41,40,65.12393441809881,936.6558547896852,7,1
103,29,25,118.49896561408751,1323.1460395219867,3,1
103,67,5,97.20124763099903,7563.416444386329,4,1
103,52,11,22.71674212255598,5918.628303844861,7,0
103,50,59,26.520459126049204,7075.651216155207,4,1
103,50,38,66.39313768123327,1700.797809669211,9,1
103,68,5,110.92202058615601,4741.9283817642745,3,1
103,60,48,73.87017979527143,5639.002795898042,5,1
103,54,18,69.78125080342903,5472.883895031084,4,0
103,29,70,30.547369995663058,3324.398357846915,6,0
103,20,37,85.6780104724294,221.61964436133695,9,1
103,18,60,102.21031606002255,4705.115848753679,6,0
103,50,48,58.04200075075623,2099.502159518909,3,1
103,57,28,97.56118509253275,3657.0085445288337,4,0
103,27,69,116.44766539008116,7664.890019162157,2,1
103,60,40,40.37664591276891,3252.379009375234,3,1
103,61,45,72.33296311947413,6734.432692648971,3,0
103,46,62,48.713795808457554,1589.470785419084,2,0
103,30,58,99.28544190338394,5412.437934397728,9,1
103,29,67,77.75933658811576,7818.354940067654,4,1
103,48,56,83.45824175503037,904.9554968962007,4,1
103,63,40,99.79141596158941,165.7275435948169,6,1
103,19,40,59.59704726624549,3525.3040617976535,3,1
103,68,33,111.50900684070432,831.7413161058008,3,0
103,67,6,73.302886724614,6012.236362442228,8,1
103,52,19,35.7954822835348,7324.934444403615,5,1
103,40,40,89.58991181688025,3528.765684399195,3,0
103,34,59,99.32613504382545,2143.8219730279834,1,1
103,43,59,51.676167706752665,3531.786220152217,5,0
103,25,48,105.7179256998753,5815.237761015008,1,0
103,46,41,110.61432547657664,171.52787648493074,4,1
103,43,13,47.6904487377809,4756.686516929108,5,0
103,27,45,118.3521472715222,4945.004310610295,3,0
103,43,53,34.071152804875844,5137.73715047789,2,0
103,51,42,40.201566840249,2011.97443184893,6,1
103,68,63,38.422483923802616,5741.016514687201,1,0
103,58,27,109.39897100078704,821.9927420210336,5,0
103,24,38,85.42925523249619,1674.2356580877265,3,0
103,21,60,35.21042832222729,7032.013368570407,5,0
103,67,7,64.03234183683489,5935.9128907398745,3,0
103,62,5,81.5298025069802,208.5898766896275,3,0
103,28,45,28.34640849893833,2062.1724569214216,3,0
103,46,58,108.24163684073388,1793.811215646,8,1
103,53,31,100.36035354415351,2239.3699914920835,6,1
103,42,23,70.52067735766383,2055.7221852111024,2,1
103,38,42,116.71266152591704,593.9577363684814,2,0
103,53,10,61.77609792750997,3725.630081114881,5,1
103,27,32,118.41103190364979,5888.594450810704,5,1
103,54,53,86.79199988036271,4893.180625267748,3,1
103,26,30,83.46712732539415,5415.686181924831,8,1
103,41,39,36.5954895295785,741.0785104362893,3,0
103,52,31,108.1927758304644,7616.776610396619,8,1
103,66,2,62.74896879206152,6724.085487359896,3,0
103,52,12,36.223340578247935,6460.213516115736,1,0
103,65,39,21.260751997575905,6601.572059829963,1,0
103,53,66,75.97556836383825,7468.413014248815,4,1
103,35,13,72.73996221226764,4399.606332298212,3,1
103,66,46,91.93536223691585,1682.2279411542445,6,0
103,56,27,109.02580530178021,4972.590502035076,4,1
103,49,17,27.940658464302953,5968.763799976718,5,1
103,41,60,93.14964903403623,5929.547407496801,9,1
103,40,64,38.74119440975822,4219.447290918353,3,1
103,49,35,105.8177053157164,640.8238827352667,1,0
103,54,70,101.90635138616561,3031.7922135980098,9,1
103,29,30,74.07937549855444,7374.056206860523,8,1
103,66,71,91.02427986233116,4717.146387083666,9,0
103,30,63,51.43501131837484,4352.822351720136,6,1
103,40,28,67.11678989328146,2223.9427636193286,3,0
103,42,60,102.16368977104716,3010.7464673409736,2,0
103,52,37,65.92651971732138,7173.234104310037,9,1
103,58,22,55.77982653254418,5365.058075462002,2,0
103,47,68,69.42124472503,6320.35751134343,8,0
103,34,20,102.82492524372184,3689.3288422344754,4,1
103,66,68,53.520804737087275,5078.953033703648,2,0
103,37,64,37.37615931357438,2062.2305090713394,4,1
103,65,17,91.20140203307808,5673.140559239541,1,1
103,42,12,102.59782127080818,3478.050536256365,3,1
103,39,22,30.063747852353334,3596.1095670364903,9,1
103,30,17,43.98741127559447,5229.6463641573655,1,0
103,36,10,34.197198976099386,7496.6169096045205,1,1
103,66,65,54.79414115821666,605.6501382081053,7,0
103,53,22,65.03509789054127,6615.47157504136,0,0
103,29,50,94.88263369633064,2409.8265722563256,6,0
103,58,14,85.11475848816741,3606.963690600385,4,1
103,36,64,82.09285674784311,273.11529732257077,7,0
103,29,47,55.23749466096544,2478.2640148910727,0,0
103,26,29,104.144755308476,4070.7868167780307,6,1
103,24,36,67.12871673981645,543.7910110447682,4,1
103,45,52,117.91049380151546,3979.6562621270045,3,0
103,31,7,83.41421382957368,7424.1739679815755,6,1
103,48,29,32.62647415645027,932.6064230516612,9,1
103,69,11,87.6177562075434,6139.081751796484,1,1
103,36,33,52.5104015431699,3336.401321670342,0,1
103,64,6,88.63271966860974,5275.872344742271,0,0
103,33,32,26.964114816240574,2155.869124083312,0,0
103,22,51,37.48814371759594,1359.9888740767306,4,1
103,52,58,105.57372589057863,1367.6546527426888,9,1
103,29,26,42.71795570235149,656.8863705808427,6,0
103,42,46,103.704112524294,1566.6089687198198,1,0
103,69,29,47.92760884544104,5347.33314141285,9,1
103,38,4,84.28819100587077,7065.3558335637135,7,0
103,53,13,89.4150573509831,6531.592916170179,3,1
103,40,39,71.2654753145053,5512.561048008424,2,1
103,33,15,50.53106766967313,972.411720947711,9,1
103,56,29,41.26443763710961,2384.5808257380036,7,1
103,62,29,23.31893545624262,2547.474315047505,1,0
103,59,32,50.39464012407238,2074.6598765412077,2,0
103,56,2,85.3162790531283,4168.544711706812,2,0
103,31,47,113.83048184484826,4330.875137549413,9,1
103,48,22,107.1204482263052,2919.399203851771,0,1
103,22,27,96.60647765353026,2894.9343540178447,5,1
103,52,67,98.84473432532987,6645.589223458042,1,0
103,40,56,86.49849034759953,6335.413501725517,0,0
103,46,21,46.0286857566003,2531.5870702778907,1,0
103,60,47,110.71950307058299,7318.928706598748,5,0
103,28,59,87.0732311905834,7627.238634319798,3,0
103,35,6,76.04406309804399,2681.2660820373226,5,0
103,64,19,31.09894692134811,2899.9570954651335,8,1
103,29,57,64.70555438064254,4094.5098120334746,9,1
103,26,69,66.03582712019264,7534.854419016021,9,0
103,27,3,106.45636095226699,7022.923521824261,7,1
103,61,1,74.66482201877885,910.2869044103594,0,1
103,34,58,58.04005489704097,3202.5728718441883,7,0
103,55,38,117.68003285106593,4471.632399023198,8,0
103,24,15,31.072059332631568,4074.746533157166,5,1
103,63,34,62.25484283119446,1631.5182367014522,9,0
103,30,61,24.20246751714053,6884.6524922284225,4,0
103,57,35,93.99041207669303,5447.832185675015,5,1
103,59,64,111.80765521991506,6719.4761613292485,5,1
103,26,25,48.003732955048946,6884.2378068608305,8,1
103,67,24,105.83416767991208,6012.011243959344,3,0
103,44,12,49.221823046189776,3569.7637498727668,1,0
103,19,18,111.07701616439152,4923.319364621854,8,0
103,22,15,95.3961903596784,1366.8867083459709,1,0
103,46,27,100.49067768414386,5421.798798051771,9,1
103,54,60,21.80065556004545,1516.1007203403178,8,1
103,55,46,116.2810357074026,5582.201765030239,1,0
103,36,17,92.66709920703232,1913.8254699563524,7,1
103,25,53,50.47510953861333,1028.6552711867378,8,1
103,65,8,102.9394664858847,1405.7474721293636,9,1
103,62,27,48.152119841493,115.73786823065512,8,1
103,18,46,107.2753839566128,5778.042981042889,9,1
103,39,50,31.2580390411937,5885.968287561195,8,1
103,69,71,90.36859774607957,4167.973464314749,1,0
103,34,3,74.06984766449104,1374.7661283375312,3,1
103,24,64,29.653447019544082,760.079266334449,6,0
103,42,44,44.1893828258839,251.11883485456738,1,0
103,62,53,21.240403627731478,1409.4105980252436,0,0
103,21,24,66.87679654645058,7137.758726366859,2,0
103,53,60,50.12652607600003,2008.141049443286,3,0
103,23,3,79.83574842977589,2898.743485016004,7,1
103,48,20,49.72378077086172,932.2293274025321,5,0
103,36,46,49.99191115069847,1856.6543075105453,1,0
103,61,15,94.31931987316034,4201.87410916362,8,0
103,56,25,24.814283597835345,4901.246196455655,1,1
103,44,71,110.28949951919873,2038.2832819130674,4,1
103,27,17,105.22638743911814,556.0840578784259,3,0
103,43,9,86.78046832264066,3189.1596661064495,6,1
103,36,38,79.32215701073844,1950.2066303180397,7,1
103,56,48,109.23024981396523,1834.4759935154352,4,0
103,20,60,38.53301795287145,7682.916141436296,9,0
103,62,63,27.89691621908286,4968.77383881322,4,0
103,30,2,43.95101699095381,4499.339701059557,1,1
103,67,11,99.45782787001903,3384.623317834243,7,0
103,45,64,23.46702667264833,3488.66023409814,1,1
103,37,21,78.28068350834897,4373.1495303208385,9,1
103,45,18,119.54375161913099,5601.795475585247,5,1
103,25,64,105.56960938375394,5646.954159836452,7,1
103,58,38,72.14456890435895,1456.3818708730516,5,1
103,56,32,26.364090928664233,4050.8907414053533,3,0
103,18,11,103.13735143857099,3354.4689507694056,3,1
103,20,45,79.89785081772106,6977.163033528135,5,1
103,30,33,31.493299705956684,5088.209477625173,3,1
103,45,41,29.385728482335622,4306.782124686256,7,1
103,66,8,110.96268194365923,1011.6176732134472,8,1
103,42,11,86.92002629380784,4884.5393256549505,0,0
103,50,51,102.92867993167555,1025.910854873844,3,0
103,55,41,107.89789002822673,2763.9319469694415,3,1
103,23,17,77.17723520483221,1228.4515220332219,1,0
103,61,46,71.74463517550413,5567.381811492514,5,1
103,62,32,63.042741032099016,1729.3916993056057,2,1
103,49,54,51.69465877911193,3195.689048185405,6,0
103,62,20,63.459596085871176,7175.830743188351,4,1
103,64,33,97.38796557301563,1714.0994288518652,3,0
103,38,40,80.19234310151316,4111.660005274355,4,1
103,33,32,109.2523289954846,3412.246123211574,7,0
103,38,2,64.33800143791876,243.1799242612649,2,1
103,28,33,80.7089578718754,6362.789097225221,6,1
103,54,30,83.13075530919888,645.4626598853379,5,1
103,53,33,79.16971623063256,3846.6146657179333,0,0
103,52,26,90.26337730855164,4529.358530017705,6,1
103,36,22,43.74334683748063,5064.569007255238,6,0
103,37,66,71.23637775457907,5540.189871532217,0,0
103,35,38,30.42248028083477,2100.8518298294493,8,1
103,64,46,58.45113276448126,178.83233560175006,5,1
103,58,15,68.76670686212644,5815.204932603805,1,0
103,66,44,85.22242595454725,4331.687134845871,4,0
103,31,49,115.05310525862035,6705.329855337265,3,1
103,32,61,80.06510665483559,6588.968066915485,6,0
103,48,67,94.35939161765597,6762.276725524277,7,1
103,18,6,70.62660594952027,3932.247813838367,0,0
103,20,9,83.41040313763312,2735.664327111239,4,0
103,33,6,27.093221613377345,6353.309800471823,2,1
103,40,32,45.4391580841847,3665.223492931114,0,0
103,28,41,56.185309320513866,1549.1933515871326,2,0
103,29,8,67.24933550065136,6854.294754535647,5,0
103,27,50,24.564874550238372,7072.223026501543,6,0
103,49,62,34.00240975533177,3783.847073507344,7,0
103,33,62,47.68143077913058,698.027845747321,3,0
103,25,7,117.15326909010507,3163.8261103437567,2,1
103,55,4,53.134700710305076,6447.947509754566,4,0
103,29,6,68.20410581120825,7224.014825515206,8,1
103,41,58,39.60977127383929,1707.434665731007,5,1
103,45,22,81.07800710757682,629.091534999645,8,1
103,25,26,48.068321551597435,7031.068579749425,5,1
103,45,3,40.69925784384267,3176.299017933115,1,1
103,53,41,71.65726284459791,4379.911617713749,4,1
103,43,60,20.550579916042082,7747.719915200995,8,1
103,25,14,20.766403264922534,625.8613505223606,7,1
103,67,12,41.90688091018578,5221.712258871555,6,1
103,45,12,23.672136250082115,685.4328383414498,0,0
103,45,13,30.802575413069135,3066.204534885353,3,1
103,54,25,53.88606493387516,6450.1349070282295,6,1
103,58,45,100.25856795798128,3524.430638769512,6,1
103,53,19,77.20486433693009,7977.740595833308,5,1
103,44,55,71.26677259564164,4516.568351078157,7,1
103,34,45,49.348882320812166,2637.1810058240326,5,1
103,26,8,113.17537194328163,1838.8794746475496,9,1
103,50,53,59.70150412371917,2869.1122208606785,2,0
103,37,55,28.70927667957715,3043.0128627004515,3,0
103,30,32,81.70665161178013,642.8380540192917,2,0
103,45,51,31.383839347660142,3019.636175471508,0,0
103,65,44,54.52231428016921,3767.484305939877,9,0
103,46,70,70.7411938717809,5809.628242686556,4,1
103,30,18,107.42225246851758,5288.162929300703,0,1
103,63,22,69.35465803401186,5699.248676310319,0,0
103,52,37,90.22587660316643,166.0730868271711,1,1
103,23,56,119.28168389990704,1819.5724566862348,3,1
103,35,59,33.148911989798165,5327.305878358867,5,0
103,68,3,47.473152551951955,3923.5160086200026,7,0
103,22,28,59.45760755976464,141.97645777993296,2,1
103,64,35,62.18281785388314,6455.507675211396,0,0
103,42,61,61.102107526554576,6205.195628993665,2,1
103,19,54,110.76110025565549,4432.511387649145,2,0
103,27,63,91.40326444668564,625.0602736325498,4,1
103,47,7,80.79052140907038,6155.468891307419,3,1
103,67,49,50.93727178627821,4711.337343077776,3,0
103,62,31,102.37903842212947,6277.483819547878,8,1
103,22,58,115.5060511484989,6038.801239927139,6,0
103,50,61,102.11982825502265,6443.716368466913,3,1
103,18,24,20.15651051914729,4192.263724596536,2,1
103,35,20,83.64013701834071,1208.5636937287684,5,1
103,49,37,25.11353814421007,5402.14403969954,2,1
103,64,4,45.76072203337219,5001.7429019105675,5,1
103,66,20,25.952470034777168,5963.800178872789,8,1
103,28,60,80.37954529493877,1442.059947800809,5,0
103,38,24,88.65899134926067,1640.304079212285,3,0
103,43,50,31.448763806590513,7134.235186032695,4,0
103,42,49,58.38388830449795,6024.824607771359,5,0
103,39,51,65.62365089555419,7275.005060732551,2,1
103,44,36,56.90530217609166,6093.851037194973,7,1
103,66,66,32.1025000485193,4817.526917323385,3,0
103,30,34,61.89477901874754,5267.648622520202,7,1
103,50,36,95.11780478084181,7124.110599126078,9,0
103,51,6,27.100766453325548,4672.57336064433,9,1
103,58,39,28.018001408190344,5095.89146219426,2,0
103,52,42,55.47712918359842,1336.1660564284446,9,0
103,18,58,114.1725711618925,3843.9776389172116,6,0
103,38,12,86.85726467229141,5759.537184468982,8,1
103,65,3,87.86699566725648,2240.4473166992866,3,1
103,23,18,56.1919990837865,1697.8080261438258,7,1
103,45,40,79.36607912085384,2579.231784972883,2,1
103,34,21,21.01311840277434,2007.8549611433843,6,1
103,22,15,83.60960464095422,1797.8098325875271,2,1
103,48,26,111.32869475762368,3456.321658657887,6,1
103,22,8,81.25734683448192,7271.9242596799195,9,1
103,55,42,107.3698593466345,4105.771209235874,9,1
103,20,44,92.39730554660937,1584.5710084410518,5,1
103,40,14,32.055841640369025,708.0761881089052,1,0
103,54,2,110.24533072858418,5599.633546589609,2,1
103,54,37,26.64438443557749,3124.110239047464,5,0
103,27,69,73.39674725477639,6592.464478024338,3,0
103,27,38,34.213712379345765,5310.135072262085,5,0
103,36,41,21.170661073090407,6390.307459276812,0,1
103,34,62,62.2034260127639,2248.3737114057453,9,1
103,38,60,49.50407076541562,5569.63548744236,0,0
103,31,14,68.60004937976029,2186.089679080378,2,1
103,26,2,77.71998867345508,7518.640987657303,7,1
103,63,70,24.373907230894737,5127.356824113657,7,0
103,18,17,32.30032951237456,2663.6432213852027,3,0
103,68,28,75.86423964504255,2229.143712108954,5,1
103,62,66,54.316735317265824,1608.3200220659837,7,1
103,30,35,92.9173487549448,5587.66357526045,6,1
103,21,5,85.22916485919397,1827.8533426836257,6,1
103,18,65,104.56043629899068,4802.895800827164,3,1
103,66,40,89.24928266692253,2190.616712710323,8,1
103,57,56,62.99310773901481,5329.554663871561,9,0
103,49,36,87.29666223944324,6538.02385547026,5,0
103,51,45,47.538117425541856,6246.39942084276,2,1
103,45,23,50.631349877821265,6110.725514353176,4,1
103,48,47,98.89851599207933,1583.0070049687913,4,1
103,25,31,64.64195164015823,798.2410811776978,4,1
103,56,11,99.83803405183525,5621.695745050346,7,1
103,43,10,102.24223736682784,3009.9429889753756,8,1
103,51,67,105.75623376612837,3515.535188586444,8,0
103,20,14,111.66352358412072,346.0778330677894,5,0
103,67,10,63.098522051329624,2150.6539492728884,5,1
103,29,1,51.88668183211388,366.0435906082658,8,1
103,18,5,78.21987465941139,7045.567603549856,3,1
103,61,20,57.117242343762754,2022.8337974263907,5,0
103,22,8,80.1074166800233,4502.963639626763,3,1
103,47,43,90.55858626438246,407.93663322293025,0,1
103,47,1,88.84050184921368,5368.094391314698,6,1
103,34,57,57.45528870201213,2651.9160314573414,9,1
103,65,64,36.68602016987528,7193.56157696556,5,0
103,64,28,63.05293384622075,7116.133692578883,8,1
103,40,37,34.25941440819088,2669.7958850578075,6,1
103,32,47,109.00970351838083,7217.591075954696,6,1
103,54,37,54.58774607378574,7969.645620640353,1,0
103,38,49,35.44597472233238,6620.78374657919,8,1
103,31,44,22.544775990575086,6774.483647266309,9,0
103,19,56,84.58223862864843,2067.1690152618103,8,0
103,28,28,83.69023174547432,4655.948950976275,5,1
103,68,6,54.060416658129164,631.321720342206,2,0
103,56,61,27.1711888847651,849.8517008911907,0,1
103,55,20,60.9628894895232,7991.251635062996,3,1
103,51,2,51.121749506339356,2680.4500704646966,2,0
103,55,37,87.71206397350093,6010.652905185886,0,1
103,67,20,80.57792494526903,6472.65391891185,2,1
103,51,26,56.459372819754,6878.383840957111,3,0
103,35,29,41.78925542549901,7981.263549477037,7,1
103,47,1,118.80359661555919,2007.822233529256,8,0
103,32,35,65.40016211961148,418.77153219162767,2,1
103,44,70,88.82742357802371,3348.4129921572294,5,0
103,68,59,34.055296757836075,1127.637291648681,9,0
103,51,69,68.55896996593978,277.1645243802355,4,0
103,69,33,22.75367198694655,2947.3719344177402,5,1
103,55,51,70.54551179104499,6291.532183494368,3,0
103,50,12,116.40174071177023,4572.82746067806,9,1
103,41,20,58.420671298580025,2570.946114761797,5,1
103,32,53,23.89960125749116,5269.301843392485,6,1
103,47,43,23.095579091934354,1932.9436244396047,8,0
103,59,50,58.798675994686946,213.61342396947168,9,0
103,68,29,36.00249364631941,6138.391752847776,6,1
103,34,57,22.33520963281859,5027.570370425672,5,0
103,22,39,95.62136139501769,6122.190733557584,0,1
103,46,56,65.85230088818906,407.6103318325583,1,0
103,21,43,48.92447719726545,6713.245059862153,0,0
103,27,50,110.00831830164807,4994.2569802867965,8,0
103,34,23,31.61389602005256,4550.823270629857,9,0
103,27,44,115.59188289553192,5034.4509801048,9,0
103,34,38,51.39667173773528,6929.022650260076,8,1
103,37,23,108.84036723086813,4736.798401815366,6,1
103,41,45,80.29428764794616,4689.5080011166165,1,1
103,22,52,102.67073597414874,7926.36534081955,5,0
103,51,50,118.40131632104642,6078.168319841687,3,0
103,23,8,48.84054378187457,3594.121063063969,0,1
103,19,1,116.1135485407593,5688.4363002601285,0,1
103,30,8,58.94818949024204,3174.920726365129,4,1
103,60,29,58.55119047369223,1908.116153619642,1,0
103,60,5,54.03871042545057,4815.1298274133,3,1
103,65,47,74.14076073475852,7432.638575100216,0,0
103,28,34,35.41450431784871,7440.202208122156,3,0
103,68,65,75.37114853580113,2801.0516970333733,5,0
103,64,55,74.1704812410004,4268.651983151391,9,0
103,40,43,96.190181260487,1771.9235987019035,3,0
103,33,30,103.36499619375856,7965.48576504118,0,1
103,48,17,64.0441350312424,7850.831472156692,6,1
103,28,26,50.233324935149376,5231.120544688834,1,0
103,33,8,45.93348973170944,6454.871071452039,8,0
103,25,47,39.46238367048719,5749.29127414123,2,1
103,21,46,25.76475821990249,4785.949930411799,7,1
103,57,68,54.244797883471335,521.4491762122918,7,1
103,21,33,47.02476921307833,3692.6383061660226,2,0
103,42,1,116.64173858664074,5430.811787122543,3,0
103,20,19,75.77088262500439,5452.499749681108,1,1
103,49,31,54.72770390305075,3047.6686855368303,3,0
103,20,14,78.0467600993696,7539.366694598441,8,1
103,44,53,33.91967013456955,1422.1205546705698,1,1
103,46,48,64.40437492022029,4052.839625102929,2,0
103,49,69,82.62343214210638,5557.9834147515,3,1
103,67,62,68.88978317924514,5607.372866545293,4,1
103,68,66,60.177880065432426,5224.2477584736425,0,0
103,36,64,119.38483888996981,2274.7768862696953,6,1
103,38,70,108.0314762148927,1334.0318926243135,9,1
103,22,63,82.34059581594401,5123.928581931016,6,0
103,35,33,76.93773611822829,4834.486717501558,8,1
103,45,41,82.0660479824584,1516.9124812850037,3,0
103,59,48,40.13121078224333,5670.599250007451,5,1
103,39,13,59.51377432643186,3695.8587346958857,1,1
103,38,31,23.945953289089932,5375.308673664908,3,1
103,23,68,67.55460374868267,6715.199930184191,1,1
103,18,4,74.30245839576631,1440.854585757693,9,1
103,22,19,42.774973610320956,251.24445717500976,4,0
103,58,70,116.40288471655137,6254.910432526715,6,1
103,29,13,110.9454610937242,4916.609658705666,0,1
103,43,23,92.21432354559059,5627.152600014761,9,1
103,63,1,73.33866287653626,6721.424302410276,9,1
103,51,54,106.99691596476849,6442.206385113554,6,0
103,66,71,33.06523438234629,7691.269160737715,9,0
103,31,15,99.0509794274885,4333.887122931734,5,0
103,43,65,32.48208139668483,3959.1154980132524,5,0
103,62,71,99.42106625494054,3274.9088791367676,7,1
103,44,15,47.576756825135696,1314.1592384692158,7,1
103,26,21,107.7090581018189,4623.597139767977,5,0
103,43,19,114.40420938253979,2288.398942175232,2,0
103,64,60,34.87959694051156,7378.3293464825065,4,0
103,39,33,66.26756050653935,4707.207353789071,1,0
103,64,49,118.09873781626851,4783.43742601407,4,1
103,47,35,68.34074359731466,2903.904820928379,8,0
103,60,44,106.35475225145451,510.7158806238892,9,1
103,65,11,78.87315221313199,350.7757464466101,0,0
103,34,66,57.53299079196019,3444.3476388102604,9,0
103,43,46,48.57835555258702,768.066486968179,4,1
103,53,9,40.32230910860873,4894.090948767099,5,1
103,18,3,96.17981913776973,7059.6867445532935,6,1
103,25,26,58.65405068230279,7075.027050497905,8,0
103,66,48,71.12754622007512,5306.458740044636,5,0
103,52,66,69.23254800011819,1768.731468636155,4,0
103,69,70,77.72790292331312,6917.674967735089,6,0
103,32,28,106.55771456245522,7100.138138974345,0,0
103,64,26,118.07393435834294,1653.5633211283737,4,1
103,39,25,60.758420857381694,5925.66607758835,1,0
103,31,12,102.7518922106303,2363.504436524271,3,0
103,43,5,96.45277946547176,6440.858467588144,6,1
103,45,48,77.35289514555733,7978.179409238461,4,1
103,40,37,115.60471436119332,337.2054421022032,5,1
103,31,44,40.04745155284028,7189.190339748362,1,1
103,41,15,30.92642103096214,5018.781215429399,2,0
103,19,43,105.39619669554222,7789.722691402088,6,1
103,62,48,63.91498166337483,3773.575188458778,1,0
103,43,70,104.69688542070605,6794.364651513853,5,1
103,31,46,109.30902051954149,592.9131419263902,4,1
103,68,43,26.245759361907144,2748.7044956185364,9,1
103,24,21,108.34647629860606,629.4306482345588,0,0
103,20,23,64.83190553694222,7805.210754484658,9,1
103,64,47,71.04324890042322,6554.09386744751,3,0
103,40,15,82.65925110932102,6835.124627843167,1,0
103,63,25,112.63826067300867,7509.925328327764,3,1
103,60,36,21.911609442976403,772.3175403463043,0,0
103,64,51,67.68434683178171,3146.2209808553334,1,0
103,62,15,88.77220424305607,661.1756234476168,7,0
103,35,68,92.27069576982285,1765.2655022452261,5,1
103,55,21,89.2532431537108,1911.9896385976117,1,0
103,52,13,33.443512940812184,3805.9469672758714,5,0
